{"cameraMode":{"drawMode":0,"name":"Shaded","section":"Shading Mode"},"sceneLighting":true,"audioPlay":false,"sceneViewState":{"showFog":true,"showMaterialUpdate":true,"showSkybox":true,"showFlares":true,"showImageEffects":true,"showParticleSystems":true},"in2DMode":false,"pivot":{"x":0.058607637882232669,"y":0.4613618850708008,"z":4.825290203094482},"rotation":{"x":-0.31809917092323305,"y":0.055984899401664737,"z":-0.018820973113179208,"w":-0.9462158679962158},"size":9.51787281036377,"orthographic":false}