{"cameraMode":{"drawMode":0,"name":"Shaded","section":"Shading Mode"},"sceneLighting":true,"audioPlay":false,"sceneViewState":{"showFog":true,"showMaterialUpdate":true,"showSkybox":true,"showFlares":true,"showImageEffects":true,"showParticleSystems":true},"in2DMode":false,"pivot":{"x":1.797633171081543,"y":1.6556600332260132,"z":2.8964614868164064},"rotation":{"x":-0.06623530387878418,"y":-0.2103234976530075,"z":0.014284166507422924,"w":-0.9752809405326843},"size":10.327784538269043,"orthographic":false}